0,iir-10.4,"{'precision', 'cas queries', 'recall', 'non-redundant results lists', 'collection statistics', 'binary evaluation', 'cas topics', 'structural criteria', 'xml retrieval effectiveness', 'nested elements', 'tree', 'evaluation metric', 'cas topic', 'structural filter', 'inex 2002 collection', 'structured documents', 'elements', 'unstructured information retrieval', 'vector space system', 'collection', 'documents', 'evaluation scheme', 'topical relevance', 'collections', 'cas', 'keywords', 'initiative for  the evaluation of xml retrieval', 'initiative for the evaluation of xml retrieval', 'algorithms', 'language-model-based system', 'evaluation of xml retrieval', 'content-only system', 'precision at k', 'relevant documents', 'document', 'component coverage', 'inex 2002', 'discretiztion function', 'relevance assessments', 'unstructured  retrieval effectiveness', 'inex program', 'relevane judgments', 'information needs', 'inex 2003', 'information sought', 'xml retrieval', 'precision-oriented tasks structured retrieval', 'marginal relevance', 'keyword queries', 'full-structure model', 'queries', 'unstructured bags of words', 'binary relevance judgments', 'structured retrieval', 'structural constraints', 'test collection', 'inex 2004', 'keyword matching', 'query', 'highly relevant elements', 'co topics', 'unstructured retrieval', 'content-and-structure topics', 'f', 'binary relevance assessments', 'relevance', 'precision-oriented tasks', 'relevance-coverage combinations', 'relevance judgments', 'topical relevance dimension', 'unstructured retrieval effectiveness', 'graded evaluation', 'coverage', 'binary relevance', 'inex', 'bags of words', 'content criteria', 'simmerge', 'effectiveness'}"
1,iir-11.4,"{'okapi weighting', 'machine learning', 'ir', 'a tree structure of term dependencies', 'idf', 'tree structure of dependencies', 'collections', '̢\\x80\\x9cvector space̢\\x80\\x9d ir systems', 'probabilistic dependencies', 'tree-structured dependencies between terms', 'document length', 'term weighting scheme', 'document', 'network', 'tf-idf', 'inquery text retrieval system', 'bm25 weights', 'grid search', 'bayesian networks', 'tuning parameters', 'probabilistic ir', 'weighting scheme', 'trec evaluations', 'probabilistic ir model', 'query', 'parameter estimation', 'information retrieval scheme', 'probabilistic ir system', 'probabilistic ir systems', 'terms', 'probabilistic model', 'bm25 term weighting', 'collection', 'documents', 'normalization', '̢\\x80\\x9cprobabilistic̢\\x80\\x9d ir systems', 'boolean and probabilistic models', 'length normalization of the query', 'statistical ranked retrieval model', 'boolean representation of queries', 'negative term weight', 'probabilistic models', 'term weighting models', 'queries', 'query terms', 'probabilistic graph- ical model', 'tree structure', 'full-text search collections', 'document term frequency scaling', 'test collection', 'performance', 'term frequency', 'document relevance', 'query network', 'positive tuning parameter', 'document scoring', 'information need', 'dependencies', 'term', 'document length scaling', 'bm25 weighting scheme', 'boolean representation of documents', 'boolean representation of relevance', 'machine learning data sets', 'bim', 'directed graphs', 'probability theory', 'vector space', 'okapi bm25', 'bayesian network approaches', 'bayesian network-based information retrieval systems', 'computational linguistics', 'query vector', 'non-binary model', 'bayesian network', 'term frequency scaling', 'binary model', 'document term', 'term weighting method', 'different probabilistic language modeling approach', 'ir systems', 'term independence', 'probabilistic graphical model', 'term dependencies', 'boolean models', 'directed acyclic graphs', 'query subexpressions', 'document collection network', 'document term frequency', 'probabilistic methods', 'length normalization', 'vector-space ir system', 'probabilistic network', 'term weight', 'probabilistic system', 'relevance feedback', 'cosine similarity', 'information retrieval', 'tuning parameter', 'term  weight', 'raw term frequency', 'structured query operators', 'tree augmented  naive bayes model', 'relevance', 'relevance judgments', 'stop list', 'idf weighting', 'boolean representation'}"
2,iir-7.2,"{'machine learning', 'tokens', 'parsing and scoring functions', 'field indexes', 'tf', 'retrieval', 'accumulates evidence', 'rudimentary search system', 'stop words', 'collections', 'query-term proximity', 'web search', 'document', 'query parser', 'language and format detection', 'positional indexes', 'format detection', 'document id', 'query', 'vector space retrieval', 'scoring module', 'zone and field indexes', 'free text queries', 'champion lists', 'retrieved documents', 'terms', 'free text user query', 'query string', 'web search engine', 'parsed document', 'document cache', 'collection', 'documents', 'query parsing layer', 'query operators', 'search interfaces', 'tokenization', 'field queries', 'collection of documents', 'phrase queries', 'queries', 'query terms', 'boolean', 'search system', 'tf values', 'query distribution', 'search', 'indexers', 'spelling correction', 'scoring', 'indexes', 'proximity-weighted scoring functions', 'parsing and linguistic processing', 'machine-learned scoring', 'index elimination', 'proximity weighting', 'tf threshold', 'static quality', 'aggregate scoring function', 'proximity-weighted scoring function', 'vector space', 'linguistic processing', 'tiered indexes', 'top-k retrieval', 'tolerant retrieval', 'consumer-facing search applications', 'phrase query', 'mlr', 'vector space queries', 'document management systems', 'proximity-weighted scoring fucntions', 'vector space scoring', 'document collection', 'vector spaces', 'machine-learned ranking', 'vector space query', 'retrieval operators', 'index', 'postings entries', 'stemming', 'cosine similarity', 'metadata', 'evidence accumulation', 'information retrieval system', 'parsing', 'web search engines', 'zone', 'zones', 'inexact top-k retrieval', 'postings', 'scoring function'}"
3,iir-1,"{'structure', 'relational database', 'terms', 'classification', 'structured data', 'ir', 'data', 'information retrieval systems', 'semistructured search', 'collection', 'documents', 'term-document matrix', 'spam', 'collections', 'indexing', 'boolean retrieval model', 'web search', 'inverted index', 'document', 'rankings', 'unstructured data', 'text classification', 'database-style searching', 'personal search', 'centralized file systems', 'information retrieval', 'latent linguistic structure', 'central inverted index data structure', 'human language', 'clustering', 'domain specific search', 'personal information retrieval', 'search', 'boolean queries', 'text data', 'retrieved documents'}"
4,iir-9.1,"{'nonrelevant documents', 'rf', 'recall', 'local analysis', 'ir', 'retrieval', 'term-weighting', 'collections', 'spelling correction techniques', 'result set', 'optimal query', 'ir query context', 'web search', 'blind relevance feedback', 'document', 'active learning', 'searcher̢\\x80\\x99s vocabulary', 'results set', 'rocchio algorithm', 'collection vocabulary', 'image search system', 'nonrelevant document̢\\x80\\x99s vector', 'negative feedback', 'effectiveness of relevance feed- back', 'negative term weights', 'query reformulation', 'query', 'recall enhancing strategy', 'implicit feedback', 'ir query', 'full relevance feedback', 'ad hoc retrieval', 'retrieved document quality', 'probabilistic relevance feedback', 'evaluation', 'trec ad hoc task', 'multimodal class', 'evaluation of relevance feedback strategies', 'equations', 'click rates', 'mean average precision', 'nonrelevant document', 'misspellings', 'ir system', 'interactive relevance feedback', 'indirect relevance feedback', 'collection', 'documents', 'precision-recall graph', 'web search users', 'document clusters', 'search interfaces', 'term distribution', 'term-based comparison', 'naive bayes probabilistic model', 'cluster', 'automatic local analysis', 'web search query', 'ide edc-hi', 'queries', '""searchers vocabulary""', 'clickstream mining', 'computing  cost', 'directhit search engine', 'boolean indicator variable', 'web link structure', 'cross-language information retrieval', 'global analysis', 'underlying theory', 'search', 'term frequency', 'query refinement', 'modified query', 'effectiveness', 'precision', 'retrieval performance', 'information need', 'implicit relevance feedback', 'information filter', 'explicit feedback', 'term', 'positive feedback', 'term weights', 'advanced search interfaces', 'image search', 'equation', 'relevance feedback strategies', 'user feedback', 'vector space', 'residual collection', 'vector space model', 'retrieval process', 'query vector', 'ide dec-hi', 'excite search engine', 'time-based comparison', 'relevance feedback approach', 'ir systems', 'collection statistics', 'relevance feedback techniques', 'ranking', 'vocabulary', 'rocchio relevance feedback model', 'classifier', '""sltons smart system""', 'term weight', 'relevant documents', 'clickstream data', 'response times', 'relevance of documents', 'relevance feedback', 'cosine similarity', 'information retrieval', 'prototype', 'web search engines', 'excite web search engine', 'query term weights', 'optimal query vector', 'vocabulary overlap', 'relevance judgments', 'pseudo relevance feedback', 'iterative query refinement', 'language cluster', 'relevance of a document'}"
5,iir-8.4,"{'precision', 'information need', 'ranked retrieval context', 'trec ad hoc evaluations', 'recall', 'roc curve', 'mean average precision', 'break-even point', 'map scores', 'set-based measures', 'cumulative gain', 'ranking', 'r-precision', 'documents', 'precision-recall curves', 'top rel documents', 'top k retrieved documents', 'arithmetic mean', 'normalized discounted cumulative gain', 'machine learning approaches', 'search engines', 'web search', 'f-measure', 'precision at k', 'relevant documents', 'document', 'uninterpolated precision-recall curve', 'average precision', 'roc', 'f measure', 'information needs', 'trec', 'interpolated precision', 'ndcg', 'top k documents', 'queries', 'trec 8', 'receiver operating characteristics', 'precision-recall curve', 'specificity', 'ranked retrieval results', '11-point interpolated average precision', 'test collection', 'relevant document', 'sensitivity', 'normalization factor', 'query', 'map', 'relevance', 'retrieved documents', 'non-binary notions of relevance'}"
6,iir-13,"{'machine learning', 'precision', 'terms', 'sentiment detection', 'labeling', 'classification algorithms', 'vertical search engine', 'support vector machines', 'recall', 'computer vision', 'classification', 'feature selection', 'training data', 'vector space classifiers', 'vertical search', 'word segmentation', 'ir', 'classification methods', 'topic classification', 'spam pages', 'automatic classification', 'machine learning-based text classification', 'email sorting', 'preprocessing', 'retrieval systems', 'rules', 'ranking', 'unicode utf-8', 'topic-specific serach', 'efficiency', 'collection', 'documents', 'ad hoc information retrieval', 'indexing', 'classifier', 'topic spotting', 'class', 'topics', 'document', 'evaluation of text classification', 'index', 'information needs', 'naive bayes', 'text classification', 'stemming', 'relevance feedback', 'truecasing', 'boolean search engine', 'information retrieval', 'ascii', 'queries', 'routing', 'multicore', 'search engine index', 'text categorization', 'safesearch', 'multicore processors', 'clasifier', 'search engine', 'vertical search engines', 'query', 'two-class classification', 'standing query', 'rules in text classification', 'classes', 'filtering', 'statistical text classification', 'topic-specific search', 'multicore computer chips', 'ranking function', 'ad hoc retrieval', 'text classifier', 'standing queries'}"
7,iir-8.5.1,"{'nonrelevant documents', 'information need', 'scoring', 'ir', 'retrieval systems', 'ir system', 'world wide web', 'trec tracks', 'collection', 'documents', 'relevant documents', 'document', 'parameter weights', 'information needs', 'trec', 'machine learning methods', 'retrieval effectiveness', 'marginal relevance', 'relevance-based assessment', 'queries', 'inex evaluations', 'test collection', 'document length normalization methods', 'ir evaluation', 'retrieval results', 'ir systems', 'relevance', 'system evaluation', 'inex', 'ntcir', 'effectiveness'}"
8,iir-8.3,"{'precision', 'accuracy', 'machine learning classification problems', 'recall', 'classification', 'false positives', 'ir system', 'documents', 'classifications', 'arithmetic mean', 'geometric mean', 'relevant documents', 'document', 'information retrieval problems', 'information retrieval effectiveness', 'f measure', 'two-class classifier', 'hard disks', 'queries', 'unranked retrieval sets', 'information retrieval system', 'ranked retrieval situations', 'query', 'balanced f measure', 'classes', 'true positives', 'false positive', 'ranked retrieval'}"
9,iir-11.3,"{'data analysis', 'tf-idf value', 'prior distribution', 'pseudocounts', 'idf', 'ranking of documents', 'maximum a posteriori', 'bayesian updating', 'document length', 'document', 'tf-idf', 'probabilistic retrieval', 'query', 'naive bayes assumption', 'frequency of term occurrence', 'log odds ratios', 'terms', 'estimated probability of relevance', 'binary independence model', 'nonrelevant document', 'vector representation', 'term incidence vector', 'collection', 'documents', 'odds', 'pseudo-relevance feedback version', 'prp', 'bayesian prior', 'vector space model calculations', 'queries', 'query terms', 'combination match model', 'boolean', 'maximum a posteriori estimation', 'naive bayes conditional independence assumption', 'mle', 'term frequency', 'document relevance', 'probability of relevance', 'independence', 'information need', 'document frequency', 'odds of relevance', 'maximum likelihood estimate', 'term', 'relevance feedback weighting', 'pseudo-relevance feedback', 'iterative process', 'binary term incidence vectors', 'naive bayes models', 'bim', 'odds ratio', '(pseudo-)relevance feedback', 'vector space model', 'distribution', 'smoothing', 'probability', 'binary', 'bayes rule', 'relevant document', 'uniform distribution', 'probability function', 'log scaled components', 'ranking function', 'term incidence vectors', 'probabilistic retrieval strategy', 'document collection', 'prior probability', 'uniformly distributing pseudocounts', 'retrieval status value', 'algorithm', 'vocabulary', 'probability of document relevance', 'bernoulli random variable', 'beta distribution prior', 'relevant documents', 'relevance feedback', 'probabilistic approaches', 'probability estimates', 'incidence vector', 'relevance', 'relevance judgments', 'idf weighting', 'multivariate bernoulli naive bayes model', 'relative frequency'}"
10,iir-15.3,"{'machine learning', 'tokens', 'web directories', 'bootstrapping', 'recall', 'feature selection', 'library classification schemes', 'ir', 'boolean-like models', 'text classifiers', 'lowercasing', 'aggressive feature selection', 'svms', 'document', 'active learning', 'naive bayes', 'boolean expressions', 'features for text', 'supervised classifier', 'porn filtering', 'boost', 'subvocabularies', 'upweighting', 'features', 'hierarchical structure', 'ad hoc retrieval', 'terms', 'k-gram features', 'hierarchical classification', 'nearest neighbor model', 'data sparseness', 'scalability of classifiers', 'semi-supervised learning algorithm', 'documents', 'feature engineering', 'confidence decisions', 'svm', 'boosting', 'document zones', 'classification accuracy', 'domain-specific text features', 'classification of text documents', 'machine learning theory', 'classifier performance', 'test collection', 'linear classifier', 'feature sparseness', 'tying parameters', 'feature selection methods', 'effectiveness', 'classification algorithms', 'precision', 'bias', 'training data', 'upweighting document zones', 'machine learning method', 'classification problems', 'boolean rule-based classifier', 'classifier effectiveness', 'machine learning methods', 'classifiers', 'voting', 'machine learning classifier', 'parameter tying', 'transductive svms', 'query languages', 'email spam filtering', 'accuracy', 'machine learning models', 'document collection', 'classification', 'em algorithm', 'ir query languages', 'text features', 'bagging', 'boosting multiple classifiers', 'text summarization', 'decision trees', 'classifier', 'classification effectiveness', 'k-gram', 'text classification problem', 'stemming', 'text classification', 'categorization', 'semi-supervised training methods', 'spam filtering', 'classifier speed', 'text classifier', 'classification schemes'}"
11,iir-15.1,"{'support vector machines', 'test data', 'data set', 'mathematical optimization problems', 'training data', 'probability of classification', 'unit vector', 'decision surface', 'geometric margin', 'dual problem', 'margin of the classifier', 'lagrange multiplier', 'separating hyperplane', 'learning methods', 'classification decisions', 'misclassification', 'classification safety margin', 'intercept term', 'decision function', 'confidence threshold', 'euclidean distance', 'qp', 'optimization problem', 'svm classifier', 'classifier', 'support vectors', 'svm', 'memory capacity of the model', 'decision hyperplane', 'svms', 'quadratic function', 'linear constraints', 'algorithms', 'sigmoid', 'document', 'classification function', 'dot product', 'unit hypersphere', 'vector space', 'decision boundary', 'naive bayes', 'quadratic programming', 'quadratic optimization problems', 'support vector', 'bias-variance tradeoff', 'quadratic optimization procedure', 'margin', 'functional margin', 'quadratic optimization', 'perceptron algorithm', 'quadratic programming (qp) libraries', 'perceptron  algorithm', 'hyperplane', 'training data sets', 'linear separator', 'training data points', 'svm decision boundary', 'unit vectors', 'weight vector', 'document variation'}"
12,iir-2.3,"{'hasskip', 'disk postings list', 'recall', 'term', 'skip list pointer', 'skip pointers', 'augmenting postings lists', 'vocabulary', 'index size', 'postings list intersection', 'postings list data structures', 'skip list', 'postings list', 'merge', 'skips', 'inverted index', 'skip span', 'index', 'postings entries', 'heuristic', 'index construction', 'encoding', 'query terms', 'results list', 'skip lists', 'search engine', 'query', 'intersection', 'postings lists', 'postings list  data structures'}"
13,iir-5.2,"{'compression ratios', 'terms', 'desktop machine', 'term list', 'pointer', 'document frequency', 'standard desktop machine', 'query evaluation', 'mb', 'uncompressed dictionary', 'term pointer', 'minimal perfect hashing', 'megabytes (mb)', 'term', 'megabytes', 'block', 'string', 'data structure', 'dictionary', 'memory', 'dictionary compression', 'hashes', 'ir system', 'startup time', 'multiterabyte', 'search systems', 'binary search', 'memory-hogging word', 'frequency', 'onboard computers', 'vocabulary', 'multiterabyte collection', 'documents', 'collections', 'bytes per pointer', 'list search', 'term pointers', 'four-byte pointers', 'array', 'main memory', 'reuters-rcv1', 'reuters-rcv1 dictionary', 'compression', 'collision', 'dictionary page', 'postings file', 'postings list', 'blocked storage', 'compression scheme', 'gigabytes', 'serach system', 'four-term block', 'gb', 'enterprise search server', 'queries', 'perfect hashes', 'postings pointer', 'dictionaries', 'eight-term dictionary', 'bytes', 'query', 'perfect hash function', 'hash function', 'word processing suite', 'dictionary terms', 'compressed dictionary', 'linear search', 'byte', 'disk', 'front coding', 'query throughput', 'blocks', 'mobile phones', 'disk seeks', 'postings', 'b-tree', 'dictionary data structures'}"
14,iir-12.2.2,"{'tokens', 'terms', 'term weighting', 'document collection', 'training data', 'language model of document', 'expectation maximimization algorithm', 'language model', 'ir', 'term', 'prior distribution', 'unigram assumption', 'maximum likelihood estimation', 'multinomial distribution', 'conjunctive-like search', 'conjunctive semantics', 'collection', 'documents', 'unigram', 'lm', 'query generation probability', 'lms', 'line search', 'probability estimate', 'language models', 'web search', 'linear interpolation smoothing method', 'retrieval ranking', 'unsmoothed model', 'multinomial', 'document language models', 'document', 'smoothing probability distributions', 'human-computer interface', 'bayesian updating process', 'probability distribution', 'zero probabilities', 'smoothing', 'document-specific multinomial distribution', 'queries', 'speech recognition application', 'linear  interpolation model', 'term weighting component', 'conjunctive  semantics', 'expectation maximimization algorithm;', 'uniform distribution', 'query', 'document language model', 'ir application', 'linear interpolation smoothing', 'linear interpolation language model', 'mle', 'speech recognition', 'non-zero probability', 'term frequency', 'vector space systems', 'smoothing methods'}"
15,iir-10.2,"{'leaves', 'structured document retrieval principle', 'schema heterogeneity', 'trees', 'document frequency', 'xml schemas', 'nodes', 'content node', 'sparse data problems', 'xml-context pairs', 'nested elements', 'tree', 'ir', 'term', 'retrieval', 'query term', 'idf', 'idf weights', 'subelement', 'structured documents', 'ranking', 'xml-context', 'pseudo-xpath notation', 'elements', 'leaf node', 'extended queries', 'collection', 'documents', 'xml elements', 'xml retrieval system', 'term-pairs', 'collections', 'subelements', 'element types', 'indexing', 'nesting', 'root node', 'indexing units', 'xml-term pairs', 'xml documents', 'document', 'document structures', 'indexing unit', 'index', 'root', 'leaf element', 'xml retrieval', 'keyword queries', 'structured queries', 'queries', 'typographical elements', 'non-overlapping pseudodocuments', 'structured retrieval', 'query terms', 'query interface', 'parent-child relationships', 'term statistics', 'pseudodocuments', 'inverse document frequency', 'parent node', 'tree structure', 'structural constraints', 'element', 'query', 'extended query', 'intervening nodes', 'unstructured retrieval', 'ir application', 'ir systems', 'relevance', 'document unit', 'path', 'df', 'schemas', 'schema diversity', 'schema'}"
16,iir-12.1.3,"{'terms', 'multinomial model', 'language model', 'bag of words', 'ir', 'unigram language model', 'multinomial distribution', 'training sample', 'fine-grained topic', 'multinomial coefficient', 'vocabulary', 'model distribution', 'multinomial distributions', '̢\\x80\\x9cbag of words̢\\x80\\x9d models', 'language models', 'document', 'likelihood ratio', 'term vocabulary', 'multinomial probability', 'query', 'speech recognition', 'bag of words models', 'unigram models'}"
17,iir-12.2.1,"{'terms', 'collection statistics', 'prior probability', 'ir', 'language model', 'random process', 'generation of queries', 'multinomial coefficient', 'collection', 'documents', 'lm', 'intuition of the basic model', 'language models', 'query likelihood model', 'document', 'query generation process', 'likelihood', 'document model', 'query terms', 'bayes rule', 'prototype document', 'query likelihood language models', 'query', 'language modeling approach', 'language modeling', 'multinomial naive bayes model', 'multinomial unigram language model', 'amultinomial naive bayesmodel'}"
18,iir-11.1,"{'prior probability', 'equation', 'odds', 'conditional probabilities', 'chain rule', 'random variable', 'probability theory', 'likelihood', 'joint probability', 'function', 'subset', 'bayes̢\\x80\\x99 rule', 'p(a', 'partition rule', 'joint event', 'probability', 'conditional probability', 'b)', 'p(a|b)', 'variable', 'posterior probability'}"
19,iir-6.4,"{'probability of relevance', 'sublinear tf scaling', 'terms', 'stop word list', 'term weighting', 'ntf-idft,d', 'document frequency', 'cosine normalization', 'document collection', 'tf', 'classification', 'unit vector', 'wf-idf', 'vector space scoring', 'term', 'maximum tf normalization', 'document frequencies', 'normalized document', 'information retrieval systems', 'idf', 'euclidean length', 'normalizationg functions', 'query weighting schemes', 'tf weights', 'stop word', 'ranking', 'tf normalization', 'verbose documents', 'collection', 'documents', 'document length normalization', 'smoothing terms', 'standard weighting scheme', 'dot prodcut score', 'document and query weighting schemes', 'pivoted length normalization', 'term weight', 'document length', 'document', 'document vectors', 'boolean judgment', 'machine learning based scoring approach', 'pivoted normalized document length', 'information needs', 'cosine normalization equation', 'document vector', 'tf-idf', 'normalized term frequency', 'query vector', 'tf-idf functions', 'smoothing', 'queries', 'weighting schemes', 'outlier term', 'query terms', 'vector space scoring method', 'normalization function', 'weighting scheme', 'wf', 'text retrieval system', 'normalization functions', 'query', 'smart notation', 'pivoted documemt length normalization', 'linear pivoted normalization', 'smoothing term', 'term weightings', 'search terms', 'relevance judgments', 'unit vectors', 'idf weighting', 'term frequency', 'term frequencies', 'log-weighted term frequency', 'principal weighting schemes', 'pivot length', 'nft'}"
20,iir-10.5,"{'text-centric retrieval', 'information need', 'data-centric xml retrieval', 'xquery-based ranked retrieval system', 'database framework', 'ordering constraint', 'data-centric xml', 'ordering constraints', 'xml structure', 'tuples', 'databases', 'relational databases', 'ranking', 'text databases', 'elements', 'relation database', 'text-centric approaches', 'xquery', 'xml', 'text-centric xml', 'data-centric approaches', 'text fields', 'xml queries', 'text-centric xml retrieval', 'xml documents', 'data collections', 'xml retrieval', 'text-centric structured retrieval model', 'information retrieval', 'de facto standard', 'relational databses', 'queries', 'xml document retrieval', 'structured retrieval', 'joins', 'structural constraints', 'relevance-ranked results', 'query', 'additional structural constraints', 'text-centric retrieval engine', 'data-centric xml retrieval systems', 'retrieval results', 'inexact matching', 'non-text data', 'text-centric retrieval  engine', 'query languages', 'node', 'unstructured retrieval methods', 'exact match conditions', 'document structure', 'non-text attribute', 'database', 'text  documents'}"
21,iir-4.4,"{'keys', 'terms', 'mb', 'document-partitioned index', 'key-value pairs', 'nodes', 'bsbi', 'separate segment file', 'network traffic', 'laggard', 'inverters', 'web index', 'splits', 'term', 'clusters', 'indexing system', 'mapreduce', 'posting', 'sequential read', 'mapreduce jobs', 'memory', 'key', 'document-partitioned', 'world wide web', 'termid', 'termids', 'computer clusters', 'google indexing system', 'collection', 'term-partitioned index', 'reduce phases', 'documents', 'processor', 'collections', 'chunks', 'mapreduce operations', 'mapreduce functions', 'term-partition', 'search engines', 'reduce phase', 'map phase', 'inverted index', 'document', 'postings list', 'supercomputer', 'index construction', 'termid mapping', 'spimi', 'key range', 'crawling', 'local disk', 'distributed indexing algorithms', 'segements files', 'values', 'single segment file', 'master node', 'worker nodes', 'segment file', 'master', 'web search engines', 'docid', 'mapping', 'mapping splits', 'sorted postings list', 'parser', 'key-value pair', 'large computing problems', 'parsers', 'distributed indexing', 'map', 'data flow', 'single-machine indexing', 'distributed environment', 'disk', 'distributed computing', 'distributed index', 'term frequencies', 'term frequency', 'segment files', 'inverter', 'distributed index construction method', 'postings', 'split'}"
22,iir-4.3,"{'tokens', 'terms', 'intermediate data structures', 'bsbi', 'term-docid pairs', 'termid-docid pairs', 'term', 'block', 'posting', 'dynamically constructed index', 'dictionary structure', 'data structure', 'dictionary', 'memory', 'token', 'termid', 'termids', 'algorithm', 'collection', 'documents', 'collections', 'hash', 'token stream', 'data structures', 'spimi-invert', 'compression', 'postings list', 'document', 'inverted index', 'index construction', 'spimi', 'blocked sort-based indexing', 'disk space', 'spimi algorithm', 'scaling properties', 'single-pass in-memory indexing', 'dictionary terms', 'disk', 'postings lists', 'time complexity', 'postings', 'term̢\\x80\\x93docid pairs', 'index constuction'}"
23,iir-14,"{'terms', 'rocchio classification', 'training set', 'rocchio', 'binary vector', 'training data', 'any-of problems', 'classification', 'test document', 'nonlinear models', 'type of weighting', 'classification methods', 'term', 'classification tasks', 'training', 'knn classification', 'text classifiers', 'documents', 'one-of tasks', 'tf-idf weight', 'knn', 'linear models', 'class', 'document', 'classification function', 'document representation', 'real-valued vectors', 'document space', 'vector space', 'two-class classifiers', 'naive bayes', 'text classification', 'vector space model', 'bias-variance tradeoff', 'linear decision hyperplanes', 'contiguity hypothesis', 'any-of tasks', 'k nearest neighbors', 'vector space classification', 'linear classifiers', 'weighted representations', 'centroids', 'prototypes', 'stop list', 'k nearest neighbor classification', 'one-of problems', 'length-normalized tf-idf representations'}"
24,iir-7.3,"{'retrieved document', 'terms', 'vector space scoring model', 'indexes', 'vector space score', 'term', 'free text query', 'query operator', 'retrieval algorithms', 'idf', 'free text retrieval', 'dictionary', 'wildcard operator', 'free text retrieval,', 'documents', 'boolean retrieval', 'conjunctive query', 'query boxes', 'vector space query', 'vector space index', 'query operators', 'query parsing', 'document', 'vector space', 'index', 'phrase retrieval', 'vector space  queries', 'query operator interaction', 'vector space model', 'document vector', 'boolean index', 'biword', 'query vector', 'phrase queries', 'queries', 'query terms', 'evidence accumulation', 'phrase query', 'wildcard and phrase queries', 'boolean', 'web search engines', 'search engine', 'query', 'vector space retrieval', 'wildcard queries', 'p-norms', 'biwords', 'wildcard', 'free text queries', 'vector space queries', 'boolean queries', 'retrieval methods', 'postings', 'vector space scoring', 'relative frequency'}"
25,iir-9.2,"{'broader terms', 'recall', 'local analysis', 'word co-occurrence statistics', 'ambiguous terms', 'false positives', 'original query terms.', 'term-document matrix', 'false negatives.', 'stemmed', 'result set', 'domain-specific thesaurus', 'length-normalized', 'dewey decimal system', 'web search', 'inverted index', 'query log mining', 'expanded queries', 'weighted count', 'general thesauri', 'thesaurus terms', 'dimensionality reduction', 'automatic thesaurus generation', 'dictionaries', 'query reformulation', 'query', 'query volume', 'alternative query suggestions', 'terms', 'thesaurus', 'term weighting', 'web search engine', 'text statistics', 'vocalulary tools', 'ir system', 'word cooccurrence', 'co-occurrence thesaurus', 'collection', 'documents', 'manual thesaurus', 'automatically derived thesaurus', 'automatic query expansion', 'search engines', 'domain-particular vocabularies', 'unified medical language system', 'stop lists', 'library of congress subject headings', 'collection of documents', 'vocabulary tools', 'grammatical analysis', 'query terms', 'query reformulations', 'search', 'global analysis', 'length-normalized rows', 'precision', 'manual query reformulations', 'latent semantic indexing', 'grammatical relations', 'narrower terms', 'query words', 'automatic thesaurus', 'term', 'global analysis techniques', 'term ambiguity', 'query expansion', 'term-term similarities', 'query suggestions', 'yahoo! web search engine', 'interactive query expansion', 'searches', 'controlled vocabulary', 'library subject indexes', 'grammatical dependencies', 'false negatives', 'medline query expansion', 'search process', 'phrase', 'term document', 'relevance feedback', 'thesauri', 'search terms', 'user input', 'thesaurus-based query expansion', 'pseudo relevance feedback', 'global methods'}"
26,iir-6.2,"{'terms', 'term weighting', 'document frequency', 'tf-idf weighting', 'socring', 'bag of words model', 'scoring', 'bag of words', 'term', 'free text query', 'retrieval', 'query term', 'idf', 'tf weight', 'bag of words representations', 'collection frequency (cf)', 'dictionary', 'term weights', 'weighting', 'ranking', 'collection', 'documents', 'boolean retrieval', 'stop words', 'search interface', 'tf-idf weight', 'search operators', 'document-level statistic', 'collection-wide statistic', 'reuters collection', 'document', 'collection frequency', 'document vector', 'tf-idf', 'weight', 'document frequency (df)', 'query terms', 'boolean operators', 'inverse document frequency', 'raw term frequency', 'zone', 'weighting scheme', 'query', 'inverse document frequency (idf)', 'dictionary terms', 'tf-idf weighting scheme', 'dictionary term', 'term frequency', 'overlap score measure', 'cf', 'df'}"
27,iir-7.1,"{'tf', 'query processing', 'global champion list', 'concurrent traversal', 'query term', 'idf', 'dictionary', 'stop words', 'static quality scores and ordering', 'web search', 'high', 'postings intersection', 'inverted index', 'document', 'document vectors', 'postings intersection algorithm', 'multi-term query', 'index construction', 'cluster pruning', 'document id', 'search engine', 'query', 'leaders', 'postings lists', 'high lists', 'free text queries', 'champion lists', 'terms', 'term weighting', 'low-idf terms', 'global champion lists', 'cosine scoring algorithm', 'k top-scoring documents', 'query-dependent scores', 'heap', 'document ids', 'learning methods', 'collection', 'documents', 'fancy lists', 'query operators', 'search engines', 'k highest-scoring documents', 'phrase queries', 'query terms', 'clustering', 'search system', 'tf- idf weighting', 'term frequency', 'tf-idf weighting', 'scoring', 'indexes', 'vector space models', 'term', 'score', 'static quality scores', 'pointers', 'query term proximity', 'index elimination', 'static quality', 'query-dependent score', 'document-at-a-time scoring', 'postings traversal', 'vector space', 'top-k retrieval', 'vector space model', 'pdf value', 'low', 'query vector', 'impact ordering', 'query terms̢\\x80\\x99 postings lists', 'inexact top k document retrieval', 'leader', 'document unit vector', 'unit vector', 'followers', 'document-at-a- time scoring', 'boolean query', 'ranking', 'tf value', 'algorithm', 'cosine scoring', 'top docs', 'postings list', 'cosine similarity', 'cosine scores', 'dictionary term', 'inexact top-k retrieval', 'postings', 'scoring function'}"
28,iir-8.5,"{'cranfield', 'information need', 'marginals', 'query and document pair', 'test information needs', 'ir system', 'judgments of relevance', 'ir collections', 'collection', 'documents', 'collections', 'medical ir collections', 'interjudge agreement of relevance', 'document', 'gold standard', 'test document collection', 'relevance assessments', 'information needs', 'kappa statistic', 'kappa value', 'boolean keyword searches', 'binary relevance judgment', 'top k documents', 'query terms', 'marginal statistics', 'trec evaluations', 'query', 'ir evaluation', 'marginal', 'ir systems', 'relevance', 'relevance judgments', 'pooling'}"
29,iir-13.4,"{'accuracy', 'terms', 'bag-of-words model', 'binary vector', 'nb', 'training data', 'classification', 'multinomial model', 'bag of words model', 'maximum a posteriori probability', 'bernoulli model', 'bag of words', 'term', 'data sparseness', 'random variable x', 'sequence model', 'random variable u', 'classification decisions', 'stop word', 'nb classifiers', 'concept drift', 'vocabulary', 'noise features', 'conditional probabilities', 'position', 'text  data', 'random variable', 'positional independence', 'knn', 'conditional independence', 'class', 'document', 'document space', 'generative process', 'text classification problem', 'document generation model', 'naive bayes', 'text classification', 'nb models', 'bayes̢\\x80\\x99 rule', 'probability distribution', 'random variable c', 'conditional independence assumption', 'term distributions', 'classification problem', 'conditional distribution', 'probability estimates', 'optimal classi', 'classes', 'naive bayes conditional independence assumption', 'nb classification', 'class membership', 'optimal classifier', 'term frequency', 'token generation model', 'bayesian text classification', 'text classifier', 'ad hoc retrieval'}"
30,iir-10.3,"{'query structure', 'nodes', 'vocabulary of non-structural terms', 'query term', 'strucutral queries', 'xml-context/term pair', 'lexicalized subtree', 'document path', 'similarity function', 'document length', 'document', 'simnomerge', 'subtrees', 'lexicalized subtrees  of documents', 'xml-context/term pairs', 'query', 'text node', 'postings lists', 'sparse term statistics', 'context resemblance', 'leaves', 'robustness', 'single vocabulary term', 'pseudo-xpath notation', 'collection', 'documents', 'query length normalization', 'xml-term pair', 'vocabulary term', 'xml retrieval', 'queries', 'quuery-document similarities', 'vocabulary terms', 'dimensionality of the space', 'query length', 'intervening nodes', 'unstructured retrieval', 'simmerge', 'effectiveness', 'query structural term', 'structural term', 'document frequency', 'non-zero context resemblance', 'context resemblance function', 'matches', 'xml-context pairs', 'matching function', 'pseudo-xpath', 'normalizer', 'paths', 'structural terms', 'vector space', 'vector space retrieval system', 'vector space model', 'non-structural terms', 'cosine measure', 'normalize', 'effectiveness of xml retrieval', 'array normalizer', 'weightings', 'query results', 'xml tree', 'leaf', 'accuracy', 'xml context', 'xml-context pair', 'parent-child node pair', 'leaf node', 'extended queries', 'vocabulary', 'xml-term pairs', 'postings list', 'query-document similarities', 'query path', 'xml contexts', 'vectors', 'weight', 'inverse document frequency', 'lexicalized sbutree', 'highest ranking document', 'node', 'query-document similarity function', 'weights', 'lexicalized subtrees', 'schema'}"
31,iir-13.3,"{'tokens', 'terms', 'bernoulli nb model', 'multinomial model', 'binary occurrence', 'classification', 'test document', 'bernoulli model', 'term', 'binary independence model', 'nb classifier', 'positions', 'documents', 'vocabulary', 'training and testing algorithms', 'multiple occurrences', 'class', 'document', 'claissification', 'generation models', 'multivariate bernoulli model', 'time complexity'}"
32,iir-15.2,"{'machine learning', 'overfitting', 'cubic kernel', 'linear svm', 'multiclass problems', 'polynomial kernels', 'svm model', 'kernel functions', 'svms', 'one-versus-rest classifiers', 'two-class classifiers', 'feature vector', 'mercer̢\\x80\\x99s condition', 'naive bayes', 'k means', 'margin', 'kernel trick', 'training data sets', 'rbf', 'features', 'multiclass svms', 'feature conjunctions', 'terms', 'mi feature selection', 'kernel hilbert space', 'nonlinear svms', 'radial basis function', 'dot products', 'threshold', 'training errors', 'qp', 'svm', 'traditional svm algorithms', 'gaussian distribution', 'radial basis functions', 'naive bayes model', 'svm optimization problem', 'quadratic kernel', 'linearly separable', 'super-linear training time', 'linear kernel', 'high dimensional problems', 'polynomial kernel', 'linear classifier', 'complexity of training and testing', 'training set', 'training data', 'dual problem', 'lagrange multipliers', 'topic classification', 'ova classification', 'term', 'linear svms', 'training data set', 'noise documents', 'support vector data points', 'higher-order features', 'decision margin', 'gram matrix', 'soft-margin svms', 'support vectors', 'noisy examples', 'text applications', 'vector space', '̢\\x80\\x9cone-versus-all̢\\x80\\x9d', 'underlying qp', 'machine learning methods', 'soft margin classification', 'classifiers', 'fat decision margin', 'data point vectors', 'structural svms', 'hilbert space', 'linear classifiers', 'training complexity', 'higher-dimensional feature space', 'classification', 'training algorithm', 'geometric margin', 'higher dimensional space', 'one-versus-one classifiers', 'outliers', 'optimization problem', 'one-versus-all classifiers', 'quadratic function', 'string kernels', 'dot product', 'training classifiers', 'text classification', 'slack variables', 'two-class classifier', 'kernel function', 'svm linear classifier', 'quadratic optimization', 'qps', 'svm algorithms', 'multiclass classification', 'one-versus-all classification', 'mercer kernels', 'regularization', 'text classifier'}"
33,iir-6,"{'search engine', 'terms', 'index', 'term weighting', 'query', 'document collection', 'documents', 'document collections', 'vector space model', 'metadata', 'scoring', 'indexes', 'vector space scoring', 'free text queries', 'term', 'boolean queries', 'query terms', 'term-weighting', 'parametric and zone indexes', 'document'}"
34,iir-14.1,"{'vector space classifiers', 'vector spaces', 'knn classification', 'relatedness of two documents', 'documents', 'euclidean distance', 'length-normalized unit vectors', 'vector classification', 'underlying distance measure', 'document vectors', 'document', 'dot product', 'terms of similarity', 'cosine similarity', 'vectors', 'unnormalized vectors', 'length-normalized vectors', 'hypersphere', 'document representations', 'vector space classification', 'measures of relatedness', 'centroids', 'unit vectors', 'terms of distance'}"
35,iir-12.4,"{'terms', 'query-likelihood approach', 'conditional probability distribution', 'query-likelihood approaches', 'document collection', 'language model', 'ir', 'term', 'bilingual dictionary', 'query language model', 'synonymy', 'language modeling approaches', 'topic tracking', 'pseudo-relevance feedback', 'normalized log-likelihood ratio', 'document likelihood model', 'kullback-leibler divergence', 'document  retrieval', 'documents', 'lms', 'anchor-text', 'language models', 'bim model', 'translation models', 'information theory', 'relevant documents', 'document', 'relevance feedback models', 'statistical machine translation system', 'relevance model of lavrenko and croft', 'cross-entropies', 'translation dictionary', 'probability distribution', 'hypertext', 'bilingual  dictionary', 'relevance feedback', 'query likelihood lm', 'log-likelihood ratio', 'document-likelihood', 'queries', 'vocabulary terms', 'traditional thesaurus', 'query-likelihood', 'cross-language ir', 'query', 'kl divergence', 'language modeling approach', 'document language model', 'language modeling', 'translation model', 'ranking function', 'document-likelihood approaches', 'ad hoc retrieval', 'translation query generation model'}"
36,iir-14.2,"{'rocchio classification', 'rocchio', 'classification', 'multimodal class', 'two clusters', 'classification rule', 'pseudocode', 'false positives', 'normal vector', 'normalized vector', 'vector space classification  method', 'centroid', 'classification decisions', '2-dimensional planes', 'collection', 'documents', 'euclidean distance', 'rocchio formula', 'rocchio relevance feedback', 'algorithms', 'class regions', 'knn', 'class', 'relevant documents', 'classification accuracy', 'document', 'decision boundary', 'two-class classifiers', 'naive bayes', 'text classification', 'spheres', 'cosine similarity', 'relevance feedback', 'rocchio classification centroid', 'rocchio algorithm', 'prototype', 'vector space classification', 'm-dimensional space', 'rocchio vector', 'two-class classification', 'hyperplane', 'hyperplanes', 'training time', 'query', 'radii', 'centroids', 'multimodality', 'k-means clustering', 'time complexity', 'vector space  classification', 'decision boundaries'}"
37,iir-4.2,"{'tokens', 'terms', 'document frequency', 'sorting', 'bsbi', 'term-docid pairs', 'nonpositional index', 'index construction algorithms', 'term', 'sorting-sequential disk reads', 'write buffer', 'fast in-memory sort', 'block', 'merged index', 'posting', 'string', 'memory', 'data structure', 'multimedia information', 'token', 'termid', 'termids', 'termid̢\\x80\\x93docid pairs', 'single pass', 'collection', 'documents', 'vocabulary', 'algorithm', 'collections', 'read buffers', 'reuters-rcv1', 'main memory', 'reuters-rcv1 collection', 'dominant key', 'postings list', 'document', 'inverted index', 'docids', 'postings file', 'in-memory sort', 'merge', 'index', 'secondary storage', 'blocked sort-based indexing algorithm', 'external sorting algorithm', 'unique serial number', 'index construction', 'inversion', 'blocked sort-based indexing', 'index construction algorithm', 'termid̢\\x80\\x93docidpairs', 'gb', 'a two-pass approach', 'disk space', 'time complexity', 'priority queue', 'docid', 'mapping', 'strings', 'bytes', 'buffer', 'random disk seeks', 'compression techniques', 'postings lists', 'disk', 'blocks', 'multipass algorithms', 'block files', 'term̢\\x80\\x93docid pairs', 'secondary key'}"
38,iir-12.3,"{'terms', 'information need', 'speech and language processing', 'tf-idf models', 'ir', 'ir models', 'idf', 'ranking of documents', 'language mismatch', 'query language', 'collection', 'documents', 'document length normalization', 'boolean retrieval operators', 'collections', 'unigram', 'lm', 'lm approaches', 'mathematical models', 'document length', 'bim', 'document', 'collection generation probability', 'information needs', 'lm approach', 'document model', 'vector space retrieval system', 'relevance feedback', 'xml retrieval', 'tf-idf', 'bm25 weights', 'queries', 'language processing', 'probabilistic approaches', 'probabilistic language modeling', 'unigram model', 'speech and natural language processing', 'language modeling approach', 'language modeling', 'text retrieval', 'relevance', 'modeling relevance', 'term frequency', 'phrase or passage matching', 'unigram models', 'document generation probability', 'document language'}"
39,iir-11.2,"{'accuracy', 'indicator random variable', 'probabilistic model', 'information need', 'bayes optimal decision rule', 'evaluation', 'loss/utility models', 'ir', 'false positives', 'nonrelevant document', 'collection', 'documents', 'bayes risk', 'top k', 'utility', 'false negatives', 'ordered list of documents', 'prp', 'probability ranking principle', 'binary notion of relevance', 'document', 'weight actions', '1/0 loss case', 'collection of documents', 'loss', 'reference retrieval system', 'relevant document', '1/0 loss', 'query', 'utility models', 'ordered list', 'probability of  relevance', 'loss models', 'relevance', 'ranked retrieval', 'costs', 'effectiveness'}"
40,iir-3.1,"{'keys', 'terms', 'pointer', 'document collection', 'sub-trees', 'branch', 'disk blocks', 'b-trees', 'tree', 'term', 'retrieval', 'query term', 'binary search tree', 'data structure', 'dictionary', 'key', 'boolean query', 'binary test', 'standard inverted index', 'collection', 'documents', 'vocabulary', 'pointers', 'data structures', 'relative frequencies', 'search engines', 'wildcard query', 'ordering system', 'collapsing', 'postings list', 'document', 'inverted index', 'proximity query', 'vocabulary term', 'root', 'tolerant retrieval', 'pre-fetching imminent binary tests', 'search trees', 'queries', 'vocabulary lookup', 'vocabulary terms', 'query terms', 'collisions', 'rebalancing', 'hash collisions', 'efficient search', 'dictionaries', 'boolean', 'search engine', 'binary tree', 'proximity queries', 'query', 'hash function', 'auxiliary structures', 'children', 'inverted indexes', 'search', 'hashing', 'node', 'search tree', 'balance property', 'postings', 'b-tree', 'disk-resident'}"
41,iir-2.2,"{'type/token distinction', 'tokens', 'recall', 'word segmentation', 'ir', 'retrieval', 'query expansion list', 'query term', 'type', 'dictionary', 'preprocessing', 'stop words', 'unnormalized tokens', 'lemmatizer', 'writing system', 'document', 'analysis', 'identifiers', 'document rankings', 'non-ascii text', 'heuristic', 'linguistic morphology', 'boolean retrieval ystems', 'equivalence classes', 'query', 'indexing retrieval systems', 'normalizations', 'morphological analysis', 'machine learning sequence model', 'document unit', 'postings lists', 'free text queries', 'features', 'character k-grams', 'accent', 'hyphens', 'porter̢\\x80\\x99s algorithm', 'terms', 'phonetic equivalents', 'web search engine', 'compound-splitter', 'heuristics', 'recall precision', 'hyphenation', 'compound splitting', 'lemmatization', 'ir system', 'language identification', 'documents', 'normalization', 'equivalence classing', 'machine learning sequence models', 'hyphen', 'semantic identifiers', 'tokenization', 'phrase index', 'paice stemmer', 'stemmers', 'stop lists', 'prior linguistic processing', 'words', 'truecasing', 'hidden markov models', 'phrase queries', 'measure of a word', 'queries', 'k-grams', 'truecasing.', 'boolean', 'lemma', 'search', 'expression', 'token normalization', 'language identification classifier', 'precision', 'normalization processes', 'poter stemmer', 'conditional random fields', 'term', 'retrieval systems', 'query expansion', 'token distinction', 'compound-splitter module', 'tokenizer', 'heuristic rules', 'linguistic processing', 'phrase searches', 'collection frequency', 'index terms', 'classifiers', 'document metadata', 'query expansion dictionary', 'capitalization', 'classification problem', 'one-pass lovins stemmer', 'soundex algorithm', 'phrase query', 'sample text', 'paice/husk stemmer', 'ir systems', 'keyword searches', 'compression techniques', 'porter stemmer', 'standardization', 'database', 'equivalence class', 'tokenization phase', 'document collection', 'query processing time', 'segmentations', 'boolean query', 'word-based indexing', 'token', 'natural language processing', 'algorithm', 'vocabulary', 'indexing', 'phrase search', 'text', 'postings list', 'index', 'lovins stemmer', 'stemming', 'case-folding', 'boolean retrieval systems', 'token list', 'stemmer', 'impact-sorted indexes', 'web search engines', 'diacritics', 'document collections', 'stop list', 'boolean queries', 'compounds', 'postings'}"
42,iir-13.6,"{'accuracy', 'precision', 'test data', 'training set', 'independent and identically distributed data', 'nb', 'any-of problem', 'recall', 'rocchio', 'classification', 'evaluation', 'document collection', 'effectiveness', 'ir', 'linear svms', 'macroaveraging', 'training sample', 'test set', 'classic reuters-21578 collection', 'one-of classification', 'ir system', 'classification decisions', 'test documents', 'decision trees', 'collection', 'documents', 'f1', 'classifier', 'text classification evaluation', 'reuters-rcv1 collection', 'topic categories', 'training documents', 'svm', 'knn', 'inde- pendent and identically distributed data', 'document', 'classification accuracy', 'evaluation of text classification', 'two-class classifiers', 'modapte split', 'microaveraging', 'text classification', 'naive bayes', 'performance efficiency', 'computational efficiency of classification', 'two-class classifier', 'document classification decision', 'uniform data', 'computational efficiency', 'effetiveness', 'development set', 'classes', 'true positives', 'classification error', 'performance', 'held-out data', 'true negatives', 'machine learning algorithm', 'rocchio classifier', 'ad hoc retrieval', 'reuters-21578 collection'}"
43,iir-1.4,"{'proximity operator', 'terms', 'information need', 'precision', 'boolean query models', 'recall', 'boolean expression', 'term', 'index structures', 'query optimization', 'free text querying', 'boolean query', 'dictionary', 'unstructured search', 'documents', 'boolean operations', 'indexing', 'ad hoc  searching', 'models', 'phrase search', 'boolean retrieval model', 'wildcard query', 'web search', 'text', 'inverted index', 'document', 'extented boolean model', 'document score', 'boolean retrieval  models', 'information needs', 'boolean search', 'vector space model', 'queries', 'ad hoc search', 'boolean operators', 'query models', 'querying', 'web search engines', 'query', 'boolean model', 'ranked retrieval', 'ad hoc searching', 'postings lists', 'ranked retrieval models', 'free text queries', 'term frequency', 'boolean queries', 'wildcard wuery', 'unstructured information', 'connectors'}"
44,iir-5.1,"{'tokens', 'byte encoding', 'stop word elimination', 'compression algorithms', 'compression ratio', 'frequencies', 'rule of 30', 'ir', 'query term', 'decompression speeds', 'posting', 'i/o', 'dictionary', 'dictionary-as-a-string method', 'stop words', 'collections', 'compression', 'web search', 'lemmatizer', 'log̢\\x80\\x93log space', 'inverted index', 'blocked storage', 'central data structures', 'positional index', 'disk-to-memory transfer', 'docid', 'query', 'one-term query', 'dimensionality reduction techniques', 'postings lists', '""zipfs law""', 'terms', 'chunk', 'nonpositional postings', 'vocabulary size', 'memory', 'ir system', 'input/output', '""heaps law""', 'collection', 'documents', 'power law', 'retrieval system', 'cache utilization', 'variable byte encoding', 'lossy methods', 'case folding', 'bits', 'disk seek', 'disk space', 'oxford english dictionary', 'postings', 'latent semantic indexing', 'term', 'compressed postings lists', 'dictionary compression', 'stop word', 'termid', 'information retrieval (ir)', 'reuters-rcv1', 'retrieval scenarios', 'position information', 'vector space model', 'collection frequency', 'uncompressed postings lists', 'log-log space', 'decompression algorithms', 'lossy compression', 'ir systems', 'compression techniques', 'disk', 'porter stemmer', 'caching', 'compressed postings list', 'cache', 'nonpositional index', 'zipf̢\\x80\\x99s law', 'input/output (i/o) time', 'searh system', 'index compression', 'search systems', 'frequency', 'compressed chunk', 'vocabulary', 'indexing', 'main memory', 'data structures', 'log̢\\x80\\x93log graph', 'postings list', 'postings file', 'compressed index', 'dimensionality  reduction techniques', 'index', 'dictionary- as-a-string method', 'stemming', 'heaps̢\\x80\\x99 law', 'information retrieval', 'decompression methods', 'information retrieval system', 'short queries', '̨_ encoding', 'stop list', 'zipf function'}"
45,iir-15.4,"{'machine learning', 'query/document pair', 'binary relevant/nonrelevant judgment', 'nonrelevant documents', 'probability of relevance', 'training set', 'document collection', 'training data', 'learning ranking functions', 'ranking svm', 'coefficients', 'ir', 'bag of words', 'term', 'log-weighting of term frequency', 'query term', 'subse-quent query/document pair', 'pagerank-style measures', 'idf', 'relevant', 'ir evaluations', 'thresholding', 'regression', 'ordinal regression', 'documents', 'machine-learned scoring', 'training document collections', 'ad hoc information retrieval', 'classification problems', 'classifier', 'boolean indicators of relevance', 'proximity weighting', 'vector space cosine similarity', 'machine learning approaches', 'training document collection', 'svm', 'confidence', 'training examples', 'error minimization problem', 'document zones', 'relevant documents', 'document', 'ir result ranking', 'decision boundary', 'document weighting functions', 'boolean functions', 'text classification', 'machine learning methods', 'weighting functions', 'relevance decision', 'two-class classifier', 'machine-learned relevance', 'classification problem', 'queries', 'regression problems', 'linear combination', 'binary relevance judgments', 'query terms', 'learning problem', 'nonrelevant', 'classification approach', 'nonlinear scaling', 'logweighting', 'query', 'linear weighting of document features', 'linear classifier', 'document/query pair', 'relevance', 'relevance judgments', 'log-weighting of idf', 'ir weighting', 'training query', 'machine learning knowledge', 'features', 'cosine score', 'pagerank'}"
46,iir-4.6,"{'tokens', 'user-document matrix', 'incremental indexing', 'gaps', 'terms', 'query processing', 'access permissions', 'indexes', 'nonpositional index', 'acls', 'user̢\\x80\\x99s access list', 'user membership', 'retrieval', 'retrieval systems', 'inverted acl index', 'boolean ̢\\x80\\x93 retrieval systems', 'termid', 'documents', 'retrieval system', 'access control lists', 'compression', 'algorithms', 'impact-sorted index', 'postings list', 'document', 'inverted index', 'docids', 'index', 'user authorization', 'security', '""users access list""', 'acl', 'positional index', 'positional indexes', 'boolean retrieval systems', 'ranked retrieval systems', 'information retrieval system', 'docid-sorted index', 'nonpositional indexes', 'resulting user-document matrix', 'docid', 'query time', 'query', 'ranked retrieval', 'postings lists', 'file system', 'securityis', 'postings'}"
47,iir-14.5,"{'accuracy', 'training set', 'one-of assumption', 'any-of problems', 'classification', 'test document', 'classifier̢\\x80\\x99s effectiveness', 'confusion matrix', 'multiclass', 'classification decision', 'any-of classification task', 'trining set', 'multivalue classification', 'one-of classification', 'twoclass linear classifiers', 'multilabel', 'algorithm', 'documents', 'classification with more than two classes', 'classifier', 'confidence', 'test  document', 'single classification function', 'knn', 'multinomial', 'class', 'multilabel classification', 'document', 'classification function', 'topics', 'any-of classification', '(nonlinear) one-of classifier', 'text classification', 'polytomous classification', 'linear separators', 'any-of', 'classifiers', 'any-of classifiers', 'classification problem', 'vector space classification', 'complement', 'hyperplanes', 'classes', 'linear classifiers', 'polytomous', 'single-label classification', 'multiclass classification', 'multinomial classification', 'one-of problems', 'two-class linear classifiers', 'effectiveness'}"
48,iir-13.1,"{'accuracy', 'test data', 'training set', 'nb', 'training data', 'naive bayes learning method', 'classification', 'training test', 'nb classifier', 'test set', 'documents', 'high-dimensional space', 'classifier', 'reuters-rcv1', 'supervised learning', 'reuters-rcv1 collection', 'training documents', 'class', 'document', 'classification function', 'text classification problem', 'document space', 'naive bayes', 'text classification', 'nb learning method', 'distribution', 'learning method', 'classification problem', 'learning algorithm', 'labels', 'classes', 'cetegories', 'categories'}"
49,iir-11,"{'nonrelevant documents', 'information need', 'boolean models', 'probabilistic retrieval model', 'ir', 'term', 'binary independence model', 'vector space models', 'okapi bm25 weighting scheme', 'bayesian network models', 'term weights', 'ir system', 'probabilistic information retrieval', 'documents', 'classifier', 'vector model of ir', 'probability ranking principle', 'relevant documents', 'document', 'probability theory', 'probabilistic language modeling approach', 'information needs', 'relevance feedback', 'index terms', 'query representations', 'non-positional  index', 'tokenized', 'probabilistic language modeling', 'boolean model of ir', 'relevant document', 'document representations', 'query', 'non-positional inex', 'retrieval model', 'document  representations', 'probabilistic approach'}"
50,iir-1.3,"{'terms', 'simple conjunctive query', 'document frequency', 'pointer', 'document collection', 'query processing', 'merge algorithm', 'frequencies', 'merging postings list', 'term', 'binary searches', 'query optimization', 'posting', 'dictionary', 'boolean query', 'collection', 'documents', 'pointers', 'conjunctive query', 'indexing', 'intersection operation', 'boolean retrieval model', 'postings list', 'inverted index', 'queries', 'intermediate results list', 'postings merge', 'querying', 'docid', 'query', 'intersection', 'postings lists', 'postings merge algorithm', 'boolean queries', 'postings', 'merging'}"
51,iir-15,"{'support vector machines', 'machine learning', 'non-linear models', 'regularized logistic regression', 'training data', 'nonlinear models', 'vector space based machine learning method', 'outliers', 'neural networks', 'large-margin classifier', 'text classifiers', 'noise', 'documents', 'random forests', 'boosted decision trees', 'classifier', 'svm', 'svms', 'svm performance', 'machine learning technology', 'information retrieval problems', 'vector space', 'decision boundary', 'domain-specific text features', 'non- linear models', 'classifier effectiveness', 'text classification', 'machine learning methods', 'classifiers', 'non-separable data', 'two-class data sets', 'text  classifiers', 'classes', 'linear classifier', 'multi-class problems', 'ad hoc retrieval', 'effectiveness'}"
52,iir-2.4,"{'next word index', 'part-of-speech-tagging', 'terms', 'tokens', 'proximity searches', 'biword index', 'document collection', 'inverted index entries', 'biword indexing model', 'merge operation', 'false positive match', 'term', 'querying behavior', 'positional postings', 'web query', 'non-positional index', 'posting', 'boolean query', 'dictionary', 'positional index size', 'compressed positional index', 'algorithm', 'collection', 'documents', 'vocabulary', 'double quotes syntax', 'position', 'search engines', 'text', 'phrase', 'phrase index', 'offsets', 'postings list', 'document', 'inverted index', 'postings intersection', 'positional postings lists', 'index', 'biword dictionary', 'vocabulary term', 'implicit phrase queries', 'part-of-speech patterns', 'positional index', 'porximity intersection', 'phrase queries', 'positional indexes', 'queries', 'token index', 'term proximity weighting', 'query terms', 'exhaustive biword dictionary', 'phrase query', 'docid', 'tokenize', 'search engine', 'query', 'indexing model', 'searches', 'ranked retrieval', 'positional posting', 'postings lists', 'implicit phrase query', 'biword indexes', 'biwords', 'postings intersection operation', 'term frequency', 'boolean queries', 'k word proximity searches,', 'extended biwords', 'postings', 'extended biword index'}"
53,iir-12.1.1,"{'probability of relevance', 'terms', 'language theory', 'language model', 'ir', 'query words', 'string', 'information  retrieval', 'finite automaton', 'probabilistic language model', 'language models', 'query likelihood model', 'generative model', 'document', 'document ranking', 'probability distribution', 'words', 'document model', 'information retrieval', 'likelihood ratio', 'frog', 'queries', 'language of the automaton', 'probabilistic finite  automaton', 'relevant document', 'query', 'language modeling approach', 'relevance', 'formal language theory', 'language', 'probabilistic approach', 'term emission probabilities', 'finite automata'}"
54,iir-12.1.2,"{'terms', 'training data', 'spelling correction', 'language model', 'ir', 'term', 'data sparseness', 'data', 'unigram language model', 'machine translation', 'chain rule', 'language models', 'probabilistic context-free grammars', 'document', 'higher-order models', 'bigram language models', 'bias-variance tradeoff', 'speech  recognition', 'loss', 'ir language models', 'unigram language models', 'proximity queries', 'grammar-based language models', 'unigram models', 'model of van rijsbergen'}"
55,iir-12.2.3,"{'language model', 'multinomials', 'ir', 'tf-idf based term weighting approach', 'term weights', 'tf-idf weights', 'lm', 'language modelling', 'trec disks', 'natural language queries', 'lm approach', 'text classification', 'trec', 'tf-idf', 'information retrieval', 'trec topics', 'queries', 'language modeling approach', 'multivariate bernoulli model', 'term weighting approach', 'sentence-length natural language queries', 'ponte and croft̢\\x80\\x99s multivariate bernoulli model', 'ponte and croft̢\\x80\\x99s experiments', 'effectiveness'}"
56,iir-6.1,"{'machine learning', 'terms', 'training example', 'boolean match function', 'zone scores', 'machine-learned relevance.', 'query processing', 'information retireval', 'boolean variables', 'zone index', 'boolean and query', 'learned scores', 'parametric index', 'term', 'query term', 'relevance judgment', 'dictionary', 'boolean query', 'fixed vocabulary', 'fields', 'non-relevant judgment', 'algorithm', 'weighted zone scores', 'documents', 'vocabulary', 'accumulator', 'collection', 'document-query pair', 'relevant judgment', 'array', 'boolean score', 'main memory', 'boolean match scores', 'training document', 'linear function', 'quadratic function', 'accumulators', 'training examples', '""fields dictionary""', 'learning weights', 'postings intersections', 'document', 'inverted index', 'two-term query', 'ranked boolean retrieval', 'title zone', 'postings traversal', 'index', 'boolean functions', 'body zone', 'optimal weight', 'encoding', 'machine-learned relevance', 'zone indexes', 'weighted zone score', 'queries', 'boolean values', 'weighted zone scoring', 'field value', 'metadata', 'field', 'query terms', 'parametric search', 'vocabulary stems', 'parametric and zone indexes', 'zone score', 'zone', 'search engine', 'digital documents', 'query', 'inverted indexes', 'training query', 'zones', 'boolean queries', 'boolean function', 'parametric indexes', 'postings', 'boolean value', 'b-tree'}"
57,iir-5.3,"{'tokens', 'gaps', 'mb', 'recall', 'query processing', 'compression ratio', 'frequencies', 'optimal encoding length', 'universality', 'posting', 'entropy', 'compression', 'inverted index', 'document', 'variable byte codes', 'discrete probability distribution', 'decoding', 'term incidence matrix', 'bit-level operations', '̨_ compression', 'uncompressed postings file', 'docid', 'term distribution model', 'query', 'shifts', 'dynamic indexing', '4-bit words', 'postings lists', '""zipfs law""', 'data transfer', 'bytewise compression', 'bitwise compression', 'terms', 'compression ratios', 'decompression', 'uncompressed index', 'bit level', 'memory', 'ir system', 'collection', 'documents', 'parameter-free code', 'prefix free', 'nibbles', 'gap', 'variable byte encoding', 'case folding', '̨ codes', 'decode', 'zipf model', '32-bit words', 'gb', 'variable encoding method', 'bits', 'disk space', '̨_ codes', 'variable byte', 'offest', 'r encoding', 'vb codes', 'variable byte (vb) encoding', 'variable-length encoding', 'indexes', 'term', 'bit-level code', 'pseudocode', 'vb encoding', 'reuters-rcv1', 'bit manipulation', '16-bit words', 'docids', 'unary code', 'position information', 'collection frequency', 'vb', 'masks', '̨_ code', 'compressed inverted index', 'postings file compression', 'bit-level codes', 'parameter free', 'ir systems', 'harmonic number', 'offset', 'compression techniques', 'disk', 'nibble', 'term frequencies', 'bit', 'cache', 'zipf̢\\x80\\x99s law', 'block', 'binomial distribution', 'index compression', 'vb compression', 'token', 'frequency', 'bit-level encodings', 'vocabulary', 'encodings', 'postings file', 'postings list', 'continuation bit', 'compressed index', 'index', 'length', 'vb-encoded postings list', 'bytes', 'encoded gap', 'universal code', 'document identifiers', 'variable byte code', 'byte', '̨_ encoding', 'space efficiency', 'postings', 'vb code', 'frequent terms', 'payload'}"
58,iir-10,"{'markup languages', 'precision', 'relational database', 'information need', 'data model', 'recall', 'structured text search problems', 'unstructured text', 'unranked retrieval', 'structured data', 'data-centric xml', 'term', 'structured search', 'information retrieval systems', 'ranked retrieval methods', 'databases', 'relational databases', 'semistructured queries', 'analytics program', 'sgml', 'structured documents', 'entity tagging', 'query language', 'collection', 'relational data', 'documents', 'text-centric approaches', 'markup', 'blogs', 'marked up text', 'sql query', 'users', 'xml', 'data-centric approaches', 'text-centric xml', 'data structures', 'unranked system', 'database systems', 'text', 'enterprise resource planning system', 'records', 'xml documents', 'xml queries', 'database querying', 'applications', 'unranked retrieval models', 'vector space model', 'xml retrieval', 'information retrieval', 'patent databases', 'digital libraries', 'extensible markup language', 'structured queries', 'queries', 'structured retrieval', 'parametric search', 'tree structure', 'search system', 'html', 'parametric fields', 'xml format', 'query', 'information retrieval problem', 'unranked retrieval system', 'inverted index-based methods', 'databses systems', 'unstructured retrieval', 'ir systems', 'boolean model', 'retrieval model', 'search', 'zone search', 'shared task evaluation', 'zones', 'inex', 'shml', 'non-text data', 'semistructured retrieval'}"
59,iir-8.7,"{'caching', 'terms', 'summary', 'information need', 'document frequency', 'positional factors', 'scoring', 'cache', 'nlp', 'information security and control issues', 'ir system', 'ranking', 'natural language processing', 'indexing time', 'text summarization', 'documents', 'collection', 'index time', 'html page', 'query-independent information value', 'ir system design', 'static summary', 'nlp techniques', 'information security', 'nlp approaches', 'keyword-in-context', 'document', 'results snippets', 'search results', 'index', 'dynamic summaries', 'description metadata', 'document summary', 'positional index', 'snippets', 'dynamic summary', 'kwic snippet', 'metadata', 'query terms', 'crawler', 'html', 'zone', 'static summarization', 'search engine', 'query', 'ir systems', 'relevance', 'disk drives', 'disk', 'zones', 'kwic', 'indexer', 'snippet', 'keyword-in-context (kwic) snippets'}"
60,iir-8.1,"{'information need', 'document collection', 'web search engine', 'development test collections', 'collection', 'documents', 'ground truth', 'query-document pair', 'ad hoc information retrieval', 'development test collection', 'binary classification', 'document', 'gold standard', 'test document collection', 'information needs', 'queries', 'binary relevance judgments', 'information retrieval system', 'ad hoc information retrieval effectiveness', 'test collection', 'query', 'information retrieval system evaluation', 'relevance', 'python', 'unbiased estimate'}"
61,iir-3.3,"{'terms', 'query string', 'edit operation', 'bigrams', 'spelling correction', 'term', 'query term', 'dictionary', 'coefficient', 'permuterm index', 'algorithm', 'collection', 'documents', 'dynamic programming algorithm', 'vocabulary', 'proximity', 'k-gram index', 'edit distance', 'phonetic similarity', 'search engines', 'context-sensitive correction', 'spelling suggestion', 'postings hits', 'document', 'biword statistics', 'spell-correction', 'codewords', 'vocabulary term', 'multiple-term query', 'spelling correction algorithms', 'retrieval process', 'k-gram indexes', 'dynamic programming', 'biword', 'queries', 'vocabulary terms', 'query terms', 'k-grams', 'jaccard coefficient', 'isolated-term correction', 'levenshtein distance', 'efficient computation', 'decoding problem', 'search engine', 'spelling correction problem', 'k-gram overlap', 'query', 'bigram', 'dictionary terms', '2-gram', 'search', 'b-tree traversal', 'query logs', 'biwords', 'context sensitive spelling correction', 'postings', 'edit operations', 'b-tree'}"
62,iir-13.2,"{'tokens', 'terms', 'training set', 'nb', 'training collection', 'training data', 'classification', 'test document', 'prior probability', 'maximum likelihood estimate', 'positional independence assumption', 'term', 'sparseness', 'nb classifier', 'term weights', 'test documents', 'maximum a posteriori', 'documents', 'vocabulary', 'stop words', 'laplace smoothing', 'conditional probabilities', 'training documents', 'class', 'document', 'add-one smoothing', 'text classification', 'supervised learning method', 'add-1/2 smoothing', 'conditional probability', 'naive bayes text classification', 'uniform prior', 'query', 'multinomial naive bayes', 'language modeling', 'text classification method', 'multinomial naive bayes model', 'maximuma posteriori', 'nb classification', 'multinomial unigram language model', 'probabilistic learning method', 'time complexity', 'mle estimate', 'maximuma posteriori class', 'multinomial nb model'}"
63,iir-4.1,"{'hardware basics', 'caching', 'megabyte', 'mb', 'system bus', 'clock cycles', 'indexing algorithm', 'indexes', 'enterprise search', 'ir', 'compress', 'email application', 'databases', 'megabytes', 'block', 'memory', 'sort-based indexing algorithm', 'seek time', 'operating systems', 'apis', 'information retrieval (ir) system', 'computer clusters', 'ir system', 'algorithm', 'collection', 'documents', 'vocabulary', 'chunks', 'collections', 'indexing', 'main memory', 'ir system design', 'application programming interfaces', 'web search', 'blocked  sort-based indexing', 'inverted index', 'document', 'decompress', 'gigabytes', 'http', 'index', 'index construction', 'gb', 'blocked sort-based indexing', 'information retrieval', 'static collections', 'efficient single-machine algorithm', 'content management systems', 'information retrieval system', 'disk i/o', 'decompression algorithm', 'indexing algorithms', 'spidered', 'data transfer rates', 'single-pass in-memory indexing', 'content management system', 'dynamic indexing', 'local file system', 'buffer', 'ir systems', 'ranked retrieval', 'byte', 'disk', 'main memory caching', 'crawled', 'blocks', 'efficient decompression algorithm', 'indexer', 'single-machine algorithm', 'database'}"
64,iir-4.5,"{'terms', 'auxiliary index scheme', 'document collection', 'disk seeks', 'scratch', 'query processing', 'indexes', 'auxiliary index', 'posting', 'memory', 'dictionary', 'in-memory auxiliary index', 'ir system', 'one-file-per-postings-list scheme', 'collection', 'documents', 'vocabulary', 'merging operation', 'collections', 'search engines', 'postings list', 'document', 'docids', 'inverted index', 'main index', 'index', 'logarithmic merging', 'index construction', 'distribution', 'spelling correction algorithm', 'invalidation bit vector', 'separate file', 'reconstruction-from-scratch strategy', 'disk seek', 'file systems', 'multiple indexes', 'index construction time', 'querying', 'search system', 'query', 'binomial heap data structure', 'index maintenance', 'dynamic indexing', 'searches', 'inverted indexes', 'disk', 'postings lists', 'file system', 'efficiency gain', 'time complexity', 'postings'}"
65,iir-3.4,"{'equivalence class', 'terms', 'phonetic misspellings', 'phonetic hash', 'string', 'phonetic correction', 'standard inverted index', 'target term', 'phonetic hashing', 'algorithm', 'algorithms', 'inverted index', 'soundex algorithms', 'index', 'soundex code', 'soundex', 'soundex match', 'tolerant retrieval', 'soundex map', 'vocabulary terms', 'soundex algorithm', 'query terms', 'equivalence classes', 'query', 'searches', 'soundex index', 'soundex codes'}"
66,iir-2.1,"{'tokens', 'terms', 'precision', 'indexing granularity', 'postings data structures', 'boolean models', 'recall', 'document collection', 'linguistic preprocessing', 'extended boolean models', 'term', 'postings list data structure', 'implicit proximity search', 'ir system', 'token', 'unicode utf-8', 'multibyte encoding schemes', 'documents', 'document delineation', 'vocabulary', 'markup', 'writing systems', 'collection', 'index granularity', 'indexing', 'binary representation', 'xml files', 'character entities', 'tokenization', 'text', 'encodings', 'character encodings', 'usage patterns', 'postings list', 'inverted index', 'document', 'xml documents', 'proximity query', 'html pages', 'extended postings list data structure', 'index', 'ascii encoding', 'information needs', 'decoding', 'xml retrieval', 'unix email file', 'encoding', 'classification problem', 'metadata', 'digital representation', 'heuristic methods', 'phrase query', 'querying', 'zip file', 'relevant information', 'machine learning classification problem', 'proximity queries', 'query', 'boolean model', 'document unit', 'inverted index construction', 'postings lists', 'byte', 'character sequence decoding'}"
67,iir-14.4,"{'tokens', 'terms', 'training set', 'rocchio', 'class centroids', 'training data', 'nonlinear classifiers', 'decision rule', 'threshold', 'log space', 'noise documents', 'category', 'learning methods', 'text classifiers', 'algorithm', 'class boundary', 'noise feature', 'documents', 'hyperlane', 'vocabulary', 'nonlinear classifier', 'linearly separable problem', 'noise document', 'classifier', 'decision hyperplane', 'knn', 'linear hyperplanes', 'class', 'document', 'document representation', 'two-class classifiers', 'm-dimensional vectors', 'decision boundary', 'naive bayes', 'text classification', 'linear separators', 'nonlinear problem', 'two-class classifier', 'linearly separable', '2d linear classifier', 'learning method', 'underlying distributions', 'two-dimensional vector representation', 'hyperplane', 'hyperplanes', 'linear classifiers', 'linear classifier', 'linear separability', 'classification error', 'centroids', 'parameter vector', 'features', 'linear classification', 'decision  boundaries', 'linear problem', 'decision hyperplanes', 'effectiveness'}"
68,iir-14.6,"{'machine learning', 'overfitting', 'feature selection', 'high-dimensional spaces', 'centroid', 'test se', 'margin maximization', 'nonlinear classifier', 'svms', 'knn', 'class boundaries', 'document', 'naive bayes', 'routing', 'complexity of learning', 'nonlinear learning method', 'conditional probability', 'centroids', 'rocchio classifier', 'bias term', 'decision hyperplanes', 'text classification problems', 'rocchio', 'variance', 'regularized linear regression', 'true conditional probability', 'learning methods', 'high-variance learning methods', 'class boundary', 'documents', 'centroid-based classification', 'nonlinear learning methods', 'class', 'classification accuracy', 'push model', 'misclassifications', 'one-feature classifier', 'nonlinear methods', 'linear classifier', 'classification error', 'linear learning methods', 'optimal classifier', 'linear methods', 'mem- ory capacity of the learning method', 'nonlinear class boundary', 'effectiveness', 'cluster-based clasification', 'bias', 'training set', 'regularized logistic regression', 'training data', 'nonlinear classifiers', 'nonlinear models', 'linear svms', 'noise documents', 'text application', 'fit-training-set-perfectly classifier', 'learning error', 'optimal learning method', 'positive and negative errors', 'training sets', 'training documents', 'learned decision boundaries', 'linear models', 'mean squared error term', 'likelihood of linear separability', 'distribution', 'classifiers', 'generative  models', 'bias-variance tradeoff', 'pull model', 'mse', 'filtering', 'linear classifiers', 'linear separability', 'mean squared error', 'nonlinear method', 'non-linear problems', 'linear model', 'decision boundaries', 'text classification algorithms', 'bag of words model', 'classification decision', 'test set', '̢\\x80\\x9cfit-training-set-perfectly̢\\x80\\x9d classifier', 'test documents', 'underlying distribution', 'classifier', 'text classification problem', 'document representation', 'zero classification error', 'memory capacity', 'text classification', 'linearity', 'learning method', 'quadratic polynomial', 'statistical text classification', 'hyperplane', 'model complexity', 'decision lines', 'linear hyperplane', 'regularization'}"
69,iir-9,"{'terms', 'recall', 'spelling correction', 'information retrieval systems', 'synonymy', 'indirect relevance feedback', 'query expansion', 'local methods', 'documents', 'collections', 'blind relevance feedback', 'relevance feedback', 'query terms', 'wordnet', 'automatic thesaurus generation', 'query reformulation', 'query', 'search', 'pseudo relevance feedback', 'query refinement', 'global methods'}"
70,iir-6.3,"{'terms', 'document collection', 'tf', 'vector space scores', 'unit vector', 'euclidean lengths', 'scoring', 'priority queue data structure', 'vector representations', 'bag of words', 'term', 'free text query', 'dot products', 'query term', 'vector', 'euclidean length', 'idf', 'length-normalization', 'posting', 'query as a vector', 'dictionary', 'heap', 'tf-idf weights', 'document classification', 'length normalization', 'algorithm', 'collection', 'documents', 'term-at-a-time scoring', 'accumulator', 'term-document matrix', 'vocabulary', 'concurrent postings traversal', 'stem', 'array', 'search engines', 'accumulators', 'document-at-a-time scoring', 'cosine similarities', 'document vectors', 'document clustering', 'vector space', 'dot product', 'document', 'inverted index', 'euclidian length', 'cosine similarity', 'vector space model', 'document vector', 'tf-idf', 'query vector', 'queries', 'weighting schemes', 'query terms', 'priority queue', 'inverse document frequency', 'weighting scheme', 'term-at-a-time', 'query', 'tf-idf weighting scheme', 'information retrieval operation', 'term-documentmatrix', 'inner product', 'postings lists', 'dictionary term', 'term frequencies', 'term frequency', 'information retrieval operations', 'postings', 'vector space scoring'}"
71,iir-1.2,"{'tokens', 'terms', 'document frequency', 'document collection', 'pointer', 'sorting', 'linguistic preprocessing', 'single linked list', 'term', 'posting', 'normalized tokens', 'index compression', 'data structure', 'dictionary', 'efficiency', 'documents', 'pointers', 'boolean retrieval', 'indexing', 'processing', 'document identifier', 'array', 'text', 'inverted index', 'document', 'postings list', 'ad hoc text search', 'index', 'words', 'index construction', 'sort-based indexing', 'boolean search engine', 'information retrieval', 'singly linked lists', 'term-document incidence matrix', 'document identification', 'normalize', 'docid', 'skip lists', 'query', 'explicit pointers', 'inverted file', 'indexing terms', 'ranked retrieval models', 'postings'}"
72,iir-3.2,"{'terms', 'trailing wildcard queries', 'permuterm vocabulary', 'post-filtering', 'superset', 'root-to-leaf path', '3-grams', 'b-trees', '|w| lookups', 'tree', 'term', 'retrieval', 'string-matching', 'query term', 'trailing wildcard query', 'foreign word', 'rotation', 'rotated wildcard query', 'boolean query', 'dictionary', 'permuterm index', 'standard inverted index', 'documents', 'vocabulary', 'single-term queries', 'k-gram index', 'search interface', 'k-gram', 'search engines', 'wildcard query', 'leading wildcard queries', 'inverted index', 'document', 'postings list', 'reverse b-tree', 'permuterm indexes', 'document retrieval', 'index', 'stemming', 'leading wildcard query', 'rotate terms', 'k-gram indexes', 'queries', 'vocabulary terms', 'k-grams', 'post-filtering step', 'boolean operators', 'search string', 'search engine', 'query', 'boolean combinations', 'wildcard queries', 'dictionary terms', 'permuterm b-tree', 'path', 'regular b-tree', 'search tree', 'rotations per term', 'b-tree'}"
73,iir-8.2,"{'cranfield', 'information need', 'nist', '20 newsgroups', 'ad hoc information retrieval system', 'document collection', 'gov2 web page collection', 'ad hoc information retrieval system evaluation', 'ir', 'ntcir', 'reuters-21578', 'information retriecal', 'reuters corpus volume 1', 'text retrieval conference', 'cross language evaluation forum', 'trec evaluation', 'documents', 'trecs', 'reuters-rcv1', 'topics', 'information retrieval effectiveness', 'nii test collections for ir systems', 'information needs', 'text classification', 'trec', 'cranfield collection', 'document) pairs', 'queries', 'ir test', 'standard test collections', 'trec ad hoc track', 'reuters', 'text classification collection', 'test collection', 'trec collections', 'trec evaluations', 'test collections', 'test document collections', 'document collections', 'clef', 'cross-language information retrieval', 'web collection', 'gov2', 'foreign broadcast information service', '(query', 'nist test document collections'}"
74,iir-14.3,"{'training set', 'rocchio', 'classification', 'test document', 'classification decision', 'k nearest neighbor', 'held-out portion', 'knn classification', 'documents', 'convex polygons', 'training document', 'training documents', 'knn', 'class', 'document', 'decision boundary', '1nn', 'cosine similarity', 'convex region', '2-dimensional space', 'classification problem', 'contiguity hypothesis', 'probability estimates', 'knn classification algorithm', 'k nearest neighbors', 'voronoi tessellation', 'knn algorithm', 'k nearest neighbor classification', 'convex polygon', 'decision boundaries', 'voronoi cells'}"
75,iir-10.1,"{'attribute nodes', 'trees', 'nodes', 'tag', 'xml context', 'tree', 'ordered tree', 'term', 'prefiltering', 'xml attributes', 'labeled tree', 'element-node tree', 'collection', 'documents', 'xml retrieval system', 'leaf nodes', 'relational attributes', 'ranking constraint', 'xml', 'keywords', 'element nodes', 'element path', 'narrowed extended xpath i', 'subtree', 'xml document collection', 'xml queries', 'dom api', 'xml documents', 'document', 'dom', 'closing tag', 'parents', 'relational attribute constraints', 'metadata functions', 'xml dom document object model', 'xml document object model', 'vocabulary term', 'xml contexts', 'xml schema', 'nexi', 'xml retrieval', 'structured queries', 'queries', 'root element', 'internal nodes', 'xml dtd', 'metadata', 'postfiltering', 'opening tag', 'xml element', 'query', 'children', 'xpath', 'information retrieval problem', 'nexi query', 'xml dom', 'node', 'search', 'xml document', 'xml attribute', 'schemas', 'schema'}"
76,iir-8.6,"{'latency', 'information need', 'document collection', 'multiple linear regression', 'clickthrough log analyais', 'web search engine', 'intranet search engine', 'ranking algorithm', 'ir system', 'query language', 'collection', 'documents', 'modern web search engines', 'search engines', 'multivariate statistical analysis', 'a/b testing', 'information security', 'quantitative measures', 'a/b test', 'formal evaluation measures', 'index', 'queries', 'evaluate measures', 'information retrieval system', 'a/b tests', 'system quality', 'web search engines', 'search engine', 'clickstream mining', 'query', 'implicit feedback', 'relevance', 'ethnographic interview techniques', 'user utility', 'clickthrough log analysis'}"
77,iir-1.1,"{'precision', 'terms', 'information need', 'indexed units', 'model', 'document collection', 'recall', 'corpus', 'boolean expression', 'incidence matrix', 'ir', 'term', 'vector', 'sparse matrix', 'relevant', 'posting', 'lexicon', 'dictionary', 'matrix', 'ir system', 'collection', 'documents', 'grepping', 'vocabulary', 'term-document matrix', 'collections', 'binary term-document incidence matrix', 'regular expressions', 'pattern matching', 'retrieval system', 'boolean retrieval model', 'text', 'matching', 'linearly scanning', 'document', 'inverted index', 'postings list', 'relevant documents', 'document retrieval', 'index', 'inverted list', 'topic', 'information retrieval', 'vectors', 'term-document incidence matrix', 'wildcard pattern matching', 'querying', 'boolean', 'query', 'grep', 'inverted file', 'document collections', 'relevance', 'ranked retrieval', 'ad hoc retrieval', 'postings', 'effectiveness'}"
78,iir-13.5,"{'accuracy', 'terms', 'training set', 'suboptimal accuracy', 'mi feature selection', 'nb', 'document frequency', 'independence', 'overfitting', 'feature selection', 'classification', 'statistical significance', 'multinomial model', 'greedy feature selection', 'bernoulli model', 'classification decision', 'effectiveness', 'term', 'mi', 'noise feature', 'collection', 'documents', 'vocabulary', 'mles', 'yates correction', 'noise features', 'f1', '\\x872 feature selection', 'classifier', 'reuters-rcv1', 'statistical dependence', 'confidence', 'significance', 'feature selection statistics', 'bernoulli nb classifier', 'class', 'document', 'classification accuracy', 'feature selection methods', 'greedy methods', 'text clasification', 'text classification', 'weaker classifier', 'feature selection algorithm', 'nb models', 'statistical independence', 'collection frequency', 'classifiers', 'bias- variance tradeoff', 'bias-variance tradeoff', 'learning method', 'frequency based feature selection', 'top k/n', 'non-greedy methods', 'frequency-based feature selection', 'feature', 'mutual information', 'statistical dependence of variables', 'degree of freedom', 'statistically significant', 'statistical text classification', 'two-class classification', 'observed frequency', 'parameter estimation', 'mle', 'features', 'statistical independence of variables', 'c 2 feature selection', 'expected frequency', 'text classification problems'}"